Position Number,Title,DOI,Publication Date,Summary
N/A,Cognitive-behaviouraltherapyfor personal recovery of patients withschizophrenia: A systematic review and meta-analysis.,doi: 10.1136/gpsych-2018-100040. eCollection 2019.,2019 Aug 26,"BACKGROUND: To date,cognitive-behaviouraltherapy(CBT) trials have primarily focused on clinical recovery; however, personal recovery is actually the fundamental aspect of the recovery process. ...However, there was insufficient evidence regarding the long- …"
N/A,Treatment of psychiatric disturbances in hypokinetic movementdisorders.,doi: 10.1080/14737175.2019.1636648. Epub 2019 Jul 2.,2019 Oct,"It is therefore important to be familiar with the appropriate pharmacological and non-pharmacological interventions for treating thesedisorders. Areas covered: The authorssearchedfor papers in English in Pubmed using the following keywords: Parkinson's disease, m …"
N/A,[Psychoticdisordersand sleepdisorders: A review].,No DOI found,2019 Fall,"ContextPsychoticdisordersare severe mentaldisordersthat can cause a loss of contact with reality. ...Conclusion Patients withpsychoticdisorderscan benefit fromCBTfor insomnia, given a few adaptations to existing protocols. ..."
N/A,Interventions for prodromal stage ofpsychosis.,doi: 10.1002/14651858.CD012236.pub2.,2019 Nov 1,"The secondary objective is, if possible, to compare the effectiveness of the various different interventions.SEARCHMETHODS: WesearchedCochraneSchizophrenia'sstudy-based Register of studies (including trials registers) on 8 June 2016 and 4 August …"
N/A,Individualised prediction ofpsychosisin individuals meeting at-risk mental state (ARMS) criteria: protocol for a systematic review of clinical prediction models.,doi: 10.1186/s41512-019-0066-5. eCollection 2019.,2019 Nov 21,"BACKGROUND:Psychoticdisordersaffect about 3% of the population worldwide and are associated with high personal, social and economic costs. ...Despite this, the National Institute for Health and Care Excellence recommendscognitivebehaviouraltherapy…"
N/A,Treatment of amphetamine abuse/use disorder: a systematic review of a recent health concern.,doi: 10.1007/s40199-019-00282-3. Epub 2019 Jun 21.,2019 Dec,OBJECTIVES: The study systematically reviewed the effectiveness of pharmacological treatments alone or combined with briefcognitive-behaviouraltherapy(BCBT) for treating Iranian amphetamine abusers. ...A systematic literaturesearchin eight databases prod …
N/A,Psychosocial interventions for people with both severe mental illness and substance misuse.,doi: 10.1002/14651858.CD001088.pub4.,2019 Dec 12,OBJECTIVES: To assess the effects of psychosocial interventions for reduction in substance use in people with a serious mental illness compared with standard care.SEARCHMETHODS: The Information Specialist of the CochraneSchizophreniaGroup (CSG)searchedt …
N/A,Acceptance- and mindfulness-based interventions for persons withpsychosis: A systematic review and meta-analysis.,doi: 10.1016/j.schres.2019.11.016. Epub 2019 Nov 26.,2020 Jan,"OBJECTIVE: A systematic review and meta-analysis of the efficacy and safety of acceptance- and mindfulness-based therapies for persons with apsychoticorschizophreniaspectrum disorder. METHODS: Following PRISMA guidelines, relevant databases weresearched…"
N/A,Case report of first-episodepsychoticsymptoms in a patient with early-onset Alzheimer's disease.,doi: 10.1186/s12888-020-02537-9.,2020 Mar 17,"BACKGROUND: Alzheimer's disease (AD) is a neurodegenerative disorder featuring thebehavioraland psychological symptoms of dementia. Patients with early-onset AD that exhibits first aspsychoticsymptoms usually lack obviouscognitiveimpairment, so they may …"
N/A,A systematic review of the effects of psychosocial interventions on social functioning for middle-aged and older-aged adults with severe mental illness.,doi: 10.1002/gps.5264. Epub 2020 Feb 13.,2020 May,"OBJECTIVES: The number of older adults with severe mental health problems such asschizophreniais likely to double in the next 20 years. The needs of this patient group change across the life course, but difficulties with social functioning persist into older age. ...CONC …"
N/A,Interventions and Transition in Youth at Risk ofPsychosis: A Systematic Review and Meta-Analyses.,doi: 10.4088/JCP.17r12053.,2020 May 19,Data were analyzed using random-effects pairwise meta-analysis (to explore differences between treatment and controls) and multivariate network meta-analyses (NMAs; to explore differences between treatment types on transition) and were reported as risk ratios (RR). RESULTS: In pa …
N/A,A systematic review of technology-based psychotherapeutic interventions for decreasing cannabis use in patients withpsychosis.,doi: 10.1016/j.psychres.2020.112940. Epub 2020 Apr 15.,2020 Jun,"Face-to-face psychological interventions (e.g.,CognitiveBehavioralTherapy- [CBT], Motivation EnhancementTherapy- [MET]) are widely used in treating problematic cannabis use. ...Only eight articles were found showing that technology-based mot …"
N/A,Efficacy of psychological interventions targetingcognitivebiases inschizophrenia: A systematic review and meta-analysis.,doi: 10.1016/j.cpr.2020.101854. Epub 2020 Apr 24.,2020 Jun,"Cognitivebiases, which are tendencies to systematically process, select and remember certain information (e.g., jumping to conclusions), are exacerbated inschizophreniaand associated with delusions. Here we review and quantitatively assess psychological intervent…"
N/A,Psychological interventions for people withpsychoticexperiences: A systematic review and meta-analysis of controlled and uncontrolled effectiveness and economic studies.,doi: 10.1177/0004867420913118. Epub 2020 May 28.,2020 Jul,"OBJECTIVE: Many people withpsychoticexperiences do not developpsychoticdisorders, yet those who seek help demonstrate high clinical complexity and poor outcomes. ...Individual reports indicated thatcognitivebehaviouraltherapy, mindfulness …"
N/A,"Comparative efficacy and acceptability of antidepressants, psychotherapies, and their combination for acute treatment of children and adolescents with depressive disorder: a systematic review and network meta-analysis.",doi: 10.1016/S2215-0366(20)30137-1.,2020 Jul,"FINDINGS: From 20 366 publications, we included 71 trials (9510 participants). Depressivedisordersin most studies were moderate to severe. In terms of efficacy, fluoxetine pluscognitivebehaviouraltherapy(CBT) was more effective thanCBTal …"
N/A,What Constitutes Sufficient Evidence for Case Formulation-DrivenCBTforPsychosis? Cumulative Meta-analysis of the Effect on Hallucinations and Delusions.,doi: 10.1093/schbul/sbaa045.,2020 Sep 21,"OBJECTIVE: Following 2 decades of research oncognitivebehavioraltherapyforpsychosis(CBTp), it is relevant to consider at which point the evidence base is considered sufficient. We completed a cumulative meta-analysis to assess the sufficiency and …"
N/A,Efficacy of Psychological Treatments for Patients WithSchizophreniaand Relevant Negative Symptoms: A Meta-Analysis.,doi: 10.32872/cpe.v2i3.2899. eCollection 2020 Sep.,2020 Sep 30,"RESULTS: Twelve studies matched our inclusion criteria, testingCognitiveBehavioralTherapy(CBT) vs. treatment-as-usual (k = 6),CognitiveRemediation (CR) vs. treatment-as-usual (k = 2),CBTvs. ...CR.CBTand CR both outperform …"
N/A,Psychosocial interventions for people withschizophreniaorpsychosison minimal or no antipsychotic medication: A systematic review.,doi: 10.1016/j.schres.2019.05.020. Epub 2019 May 21.,2020 Nov,Antipsychotics are the first-line treatment for people withschizophreniaorpsychosis. There is evidence that they can reduce the symptoms ofpsychosisand risk of relapse. ...Outcomes were generally equal to or in a small number of cases better than the con …
N/A,Psychological interventions for acute psychiatric inpatients withschizophrenia-spectrumdisorders: A systematic review and meta-analysis.,doi: 10.1016/j.cpr.2020.101929. Epub 2020 Oct 17.,2020 Dec,"METHODS: We systematicallysearchedEmbase, Medline and PsycInfo databases for randomised controlled trials (RCTs) of psychological interventions implemented in acute inpatient psychiatric settings with individuals withschizophrenia-spectrumdisorders. ...An …"
N/A,Universal and selective interventions to promote good mental health in young people: Systematic review and meta-analysis.,doi: 10.1016/j.euroneuro.2020.10.007. Epub 2020 Nov 6.,2020 Dec,"There was a significant overall improvement in 10/13 good mental health outcome categories that could be meta-analysed: compared to controls, interventions significantly improved (in descending order of magnitude) mental health literacy (ES=0.685, p<0.001), emotions (ES=0.541, …"
N/A,BehavioralTasks EvaluatingSchizophrenia-like Symptoms in Animal Models: A Recent Update.,doi: 10.2174/1570159X18666200814175114.,2021,"Both genetics and the environment play a role in its etiology and pathogenesis. Symptoms ofschizophreniaare mainly categorized into positive, negative, andcognitive. ...In establishing animal models ofschizophrenia, the candidate models were evaluated for …"
N/A,"Feasibility, acceptability, and preliminary effectiveness of mindfulness-based interventions for people with recent-onsetpsychosis: A systematic review.",doi: 10.1111/eip.12929. Epub 2020 Feb 9.,2021 Feb,"Mindfulness-based interventions (MBIs) have been studied extensively in diverse disease groups, but research in people with recent-onsetpsychosisis still immature. AIM: This review aims to explore the feasibility, acceptability and summarize any effectiveness data on of …"
N/A,The safety and efficacy of acceptance and commitmenttherapyagainstpsychoticsymptomatology: a systematic review and meta-analysis.,doi: 10.1590/1516-4446-2020-0948.,2021 May-Jun,A previous meta-analysis of ACT trials inpsychosisreported a large effect size of ACT against overallpsychoticsymptomatology. ...METHODS: Systematic review and meta-analysis of randomized controlled trials (RCTs) testing ACT vs. any comparator condition in a sam …
N/A,Protocol for individual participant data meta-analysis of randomised controlled trials of patients withpsychosisto investigate treatment effect modifiers forCBTversus treatment as usual or other psychosocial interventions.,doi: 10.1136/bmjopen-2019-035062.,2021 May 28,INTRODUCTION: Aggregate data meta-analyses have shown heterogeneous treatment effects forcognitive-behaviouraltherapy(CBT) for patients withschizophreniaspectrum diagnoses. ...METHODS AND ANALYSIS: We will perform a systematic review and meta-anal …
N/A,Is There Evidence That Stimulus Parameters and Electrode Placement Affect theCognitiveSide Effects of ElectroconvulsiveTherapyin Patients WithSchizophreniaand Schizoaffective Disorder?: A Systematic Review.,doi: 10.1097/YCT.0000000000000737.,2021 Jun 1,Seventy percent of patients with treatment-resistantschizophreniado not respond to clozapine. Electroconvulsivetherapy(ECT) can potentially offer significant benefit in clozapine-resistant patients. ...Only 1 retrospective study measured global cognition and sho …
N/A,Effectiveness of mindfulness-based intervention onpsychoticsymptoms for patients withschizophrenia: A meta-analysis of randomized controlled trials.,doi: 10.1111/jan.14750. Epub 2021 Jan 15.,2021 Jun,"Meta-analysis showed that mindfulness-based intervention significantly decreasedpsychoticsymptoms, positive symptoms, negative symptoms, depressive symptoms, and duration of rehospitalization among patients withschizophrenia, and that the reduction in negative sy …"
N/A,"Association of Age, Antipsychotic Medication, and Symptom Severity inSchizophreniaWith Proton Magnetic Resonance Spectroscopy Brain Glutamate Level: A Mega-analysis of Individual Participant-Level Data.",doi: 10.1001/jamapsychiatry.2021.0380.,2021 Jun 1,"OBJECTIVE: To assess the associations of age, symptom severity, level of functioning, and antipsychotic treatment with brain glutamatergic metabolites. DATA SOURCES: The MEDLINE database wassearchedto identify journal articles published between January 1, 1980, and June …"
N/A,"Efficacy and acceptability of pharmacological, psychosocial, and brain stimulation interventions in children and adolescents with mentaldisorders: an umbrella review.",doi: 10.1002/wps.20881.,2021 Jun,"Besides medications, psychosocial inter-ventions and brain stimulation techniques are treatment options for children/adolescents with mentaldisorders. For this umbrella review, we systematicallysearchednetwork meta-analyses (NMAs) and meta-analyses (MAs) of rando …"
N/A,Individual-focused occupational health interventions: A meta-analysis of randomized controlled trials.,doi: 10.1037/ocp0000249.,2021 Jun,"This study aims to evaluate the effectiveness of individual-focused occupational health interventions in a comprehensive meta-analysis, improving the interpretability of results by analyzing the interventions' impact on specific outcome measures. A literaturesearchof ran …"
N/A,Systematic Review of the Neural Effect of ElectroconvulsiveTherapyin Patients withSchizophrenia: Hippocampus and Insula as the Key Regions of Modulation.,doi: 10.30773/pi.2020.0438. Epub 2021 Jun 24.,2021 Jun,"OBJECTIVE: Electroconvulsivetherapy(ECT) has been the most potent treatment option for treatment-resistantschizophrenia(TRS). ...METHODS: We carried out a systematic review with following terms: 'ECT', 'schizophrenia', and the terms of various neuroimagin …"
N/A,Novel approaches inschizophrenia-from risk factors and hypotheses to novel drug targets.,doi: 10.5498/wjp.v11.i7.277. eCollection 2021 Jul 19.,2021 Jul 19,"Schizophreniais a severe psychiatric disorder characterized by emotional,behavioralandcognitivedisturbances, and the treatment ofschizophreniais often complicated by noncompliance and pharmacoresistance. Thesearchfor the pathophysiologi…"
N/A,Polish Psychiatric Association consensus statement on non-pharmacological methods in the treatment of negative symptoms ofschizophrenia.,doi: 10.12740/PP/OnlineFirst/135527. Epub 2021 Aug 31.,2021 Aug 31,"The current recommendations of academic societies and literature on the treatment ofschizophreniawith predominant negative symptoms were taken into account. ...Cognitiveremediation/rehabilitation,cognitivetraining, 6. Clinical efficacy of physical activi …"
N/A,'Someone on my level': A Meta-Ethnographic Review of Therapeutic Relationships inCognitiveBehaviouralTherapyforPsychosis.,doi: 10.1002/cpp.2578. Epub 2021 Feb 22.,2021 Sep,"OBJECTIVES:CognitiveBehaviouralTherapyforPsychosis(CBTp) demonstrates variable and at times mild to moderate effect sizes; thus, its therapeutic processes are important to explore. ...METHODS: A systematic review was undertaken using PRISMA guidelines. …"
N/A,Engagement with online psychosocial interventions forpsychosis: A review and synthesis of relevant factors.,doi: 10.1016/j.invent.2021.100411. eCollection 2021 Sep.,2021 Jun 5,METHODS: Online databases weresearchedfor studies relevant to predictors of engagement with online interventions forpsychosis; predictors of Internet use amongst individuals withpsychosis; and predictors of engagement with traditional psychosocial treatme …
N/A,Efficacy of positive psychotherapy in reducing negative and enhancing positive psychological outcomes: a meta-analysis of randomised controlled trials.,doi: 10.1136/bmjopen-2020-046017.,2021 Sep 6,"We aimed to synthesise the available evidence on PPT efficacy. DESIGN: We conducted a preregistered systematic literaturesearchand meta-analysis of randomised controlled trials examining the efficacy of PPT for increasing positive (eg, satisfaction with life) or decreasi …"
N/A,Beliefs About the Causes ofPsychosisAmong Persons WithPsychosisand Mental Health Professionals: A Scoping Review.,doi: 10.1176/appi.ps.202000460. Epub 2021 Jun 15.,2021 Oct 1,"This review explored literature focusing on MHPs' causal beliefs and mapped the degree of concordance between their causal beliefs and those of people withpsychosis. METHODS: A systematic literaturesearchof PubMed, Embase, Scopus, PsycINFO, and Applied Social Sci …"
N/A,Lack of robust meta-analytic evidence to favourcognitivebehaviouraltherapyfor prevention ofpsychosis.,doi: 10.1002/wps.20896.,2021 Oct,
N/A,[Issues Surrounding Work and School Reintegration for People in the Early Stages of aPsychoticDisorder].,No DOI found,2021 Fall,"Despite the interesting results provided by supported programs, socio-professional reintegration and maintaining employment remain difficult for people who are in the early stages of apsychoticdisorder. Considering this, several researchers suggest that interventions for …"
N/A,Emotional Dysregulation in Children and Adolescents With PsychiatricDisorders. A Narrative Review.,doi: 10.3389/fpsyt.2021.628252. eCollection 2021.,2021 Oct 25,"Because ED has not been defined as a clinical entity, and because ED plays a major role in child and adolescent psychopathology, we decided to summarize current knowledge on this topic based on a narrative review of the current literature. Methods: This narrative review is based …"
N/A,Psychosocial and psychological interventions for relapse prevention inschizophrenia: a systematic review and network meta-analysis.,doi: 10.1016/S2215-0366(21)00243-1. Epub 2021 Oct 12.,2021 Nov,"We included open and masked studies done in adults withschizophreniaor relateddisorders. We excluded studies in which all patients were acutely ill, had a concomitant medical or psychiatric disorder, or were prodromal or ""at risk ofpsychosis"". ...INTERPRE …"
N/A,Neuroprotective and Antioxidant Effects of Riparin I in a Model of Depression Induced by Corticosterone in Female Mice.,doi: 10.1159/000515929. Epub 2021 Apr 29.,2022,Conventional antidepressants present limitations that stimulate thesearchfor new drugs. Antioxidant and neuroprotective substances are potential antidepressant agents. ...METHODS: Female mice were submitted to CORT for 21 days and treated with RIP I in the last 7 days. …
N/A,The influence of childhood trauma on the treatment outcomes of pharmacological and/or psychological interventions for adolescents and adults with bipolar disorder: A systematic review and meta-analysis.,doi: 10.1016/j.jad.2021.09.103. Epub 2021 Oct 1.,2022 Jan 1,"MEDLINE Complete, Embase, PsycINFO, and the Cochrane Central Register of Controlled Trials weresearched. Two independent reviewers completed the screening and extraction process. ..."
N/A,An MDS Evidence-Based Review on Treatments for Huntington's Disease.,doi: 10.1002/mds.28855. Epub 2021 Nov 29.,2022 Jan,"Eligible randomized controlled trials were identified via an electronicsearchof the CENTRAL, MEDLINE, and EMBASE databases. All eligible trials that evaluated one or more of 33 predetermined clinical questions were included. ...There was no eligible evidence to support t …"
N/A,The Role of Ketogenic MetabolicTherapyon the Brain in Serious Mental Illness: A Review.,doi: 10.20900/jpbs.20220009. Epub 2022 Oct 31.,2022,"Insearchof interventions targeting brain dysfunction and underlyingcognitiveimpairment inschizophrenia, we look at the brain and beyond to the potential role of dysfunctional systemic metabolism on neural network instability and insulin resistance in ser …"
N/A,Through the Looking Glass: A Scoping Review of Cinema and VideoTherapy.,doi: 10.3389/fpsyg.2021.732246. eCollection 2021.,2022 Jan 11,"Seven studies used classical cinematherapy, adopting a qualitative approach to measure thetherapyoutcome. Thirty-one studies used different video treatments, 8 of which were defined as randomized controlled trials with specific objectivetherapyoutcomes. Studies …"
N/A,Symptomatic Profile of Cariprazine in the Context of ICD-11 Domains forSchizophrenia: Review of Clinically Oriented Studies: -11: .,doi: 10.17816/CP105. eCollection 2022.,2022 Jan 15,"INTRODUCTION: One of the innovations in the ICD-11grouping ""Schizophreniaand Other PrimaryPsychoticDisorders"" is the implementation of six symptom domains intended to improve diagnostics and treatment of these mental conditions in clinical practice. ...RES …"
N/A,"CognitiveBehavioralTherapyfor Prodromal Stage ofPsychosis-Outcomes for Transition, Functioning, Distress, and Quality of Life: A Systematic Review and Meta-analysis.",doi: 10.1093/schbul/sbab044.,2022 Jan 21,"OBJECTIVE: This study aimed to provide insight into the efficacy ofcognitive-behavioraltherapyforpsychosis(CBTp) in patients with ""clinical high risk ofpsychosis(CHR-P)"". ...No beneficial effects on functioning, depression, quality of lif …"
N/A,A scoping review of the use of cannabidiol in psychiatricdisorders.,doi: 10.1016/j.psychres.2021.114347. Epub 2021 Dec 20.,2022 Feb,"PubMed and PsycINFO weresearchedfor articles containing the terms ""cannabidiol"" in addition to major psychiatricdisordersand symptoms, yielding 2952 articles. Only randomized controlled trials or within-subject studies investigating CBD as a treatment option for …"
N/A,Assessing cognition in people with severe mentaldisordersin low- and middle-income countries: a systematic review of assessment measures.,doi: 10.1007/s00127-021-02120-x. Epub 2021 Jun 18.,2022 Mar,"BACKGROUND:Cognitivedifficulties are common in people with severe mentaldisorders(SMDs) and various measures of cognition are of proven validity. ...For most psychometric property, studies of methodological qualities were found to be doubtful. Among measures eva …"
N/A,Psychosocial Interventions for Adults WithSchizophrenia: An Overview and Update of Systematic Reviews.,doi: 10.1176/appi.ps.202000649. Epub 2021 Aug 13.,2022 Mar 1,"OBJECTIVE: The authors of this systematic review (SR) sought to provide evidence for effects of commonly used psychosocial interventions on several outcomes among adults withschizophrenia. METHODS: MEDLINE, the Cochrane Library, and PsycINFO databases weresearched…"
N/A,A Scoping Review of Palliative Care for Adults with Huntington's Disease: Current Practice and Future Directions.,doi: 10.1089/jpm.2021.0308. Epub 2021 Nov 30.,2022 Mar,"Context: Huntington's disease (HD) is a neurodegenerative disorder characterized by mid-life onset,cognitivedecline, andbehavioraldisturbance. Objective: We conducted a review of the end-of-life (EOL) experience of HD patients and their families. ...Psychiatric …"
N/A,Effectiveness of Interventions to Promote Medication Adherence in Schizophrenic Populations in Thailand: A Systematic Review.,doi: 10.3390/ijerph19052887.,2022 Mar 2,"Following PRISMA guidelines,searcheswere completed in seven databases, including PubMed, PsycINFO, CINAHL, Web of Science, Scopus, ThaiJO, and Google Scholar. ...This review revealed that individual counseling combined withcognitive-behavioraltherapy…"
N/A,Psychological Interventions for Young People WithPsychoticDisorders: A Systematic Review.,doi: 10.3389/fpsyt.2022.859042. eCollection 2022.,2022 Mar 24,"BACKGROUND:Psychoticdisordersare commonly accompanied by intense psychological burden, and psychological interventions are usually needed in order to reduce the symptoms and help in maintaining or improving the level of psychological and social functioning after …"
N/A,Cognitivebehavioraltherapyfor insomnia in patients with mentaldisordersand comorbid insomnia: A systematic review and meta-analysis.,doi: 10.1016/j.smrv.2022.101597. Epub 2022 Feb 9.,2022 Apr,"Cognitivebehavioraltherapyfor insomnia (CBT-I) is the first-line treatment for insomnia according to current treatment guidelines. ...Thus, in patients with mentaldisordersand comorbid insomnia, given the many side effects of medication,…"
N/A,Psychosocial interventions for community-dwelling individuals withschizophrenia: study protocol for a systematic review and meta-analysis.,doi: 10.1136/bmjopen-2021-057286.,2022 Apr 29,"INTRODUCTION: Despite the recent global mental health movement of the transition from hospital-centred to integrated community-based services, comprehensive evidence of psychosocial interventions focusing on community-dwelling individuals withschizophreniais still lackin …"
N/A,Effectiveness of IADL interventions to improve functioning in persons withSchizophrenia: A systematic review.,doi: 10.1177/00207640211060696. Epub 2021 Nov 22.,2022 May,"BACKGROUND OF THE STUDY: Instrumental activities of daily living (IADL) are activities that are needed to live an independent life.Psychoticdisordersare associated with deficits in everyday functioning, causing impairment/disability in activities of daily living. …"
N/A,Mental andbehavioraldisordersin the prison context.,doi: 10.18176/resp.00052.,2022 May-Aug,"RESULTS: 16 articles were included in this theoretical review. The prevalence of mentaldisorderswithin the prison population is high; depression, anxiety, substance use andpsychoticdisorderspredominate. ...Pharmacological intervention and, to a greater d …"
N/A,Psychodynamic Child and Adolescent Psychiatry and the Future of Our Field.,doi: 10.1016/j.jaac.2021.11.022. Epub 2021 Nov 26.,2022 Jun,"As none are specifically titled psychodynamictherapy, it is unclear whether teaching these modalities would satisfy the ACGME requirement of competence in psychodynamic psychotherapy. Comparatively, this linguistic dilution does not seem to affectcognitive-beha…"
N/A,The effect of treatment on insight inpsychoticdisorders- A systematic review and meta-analysis.,doi: 10.1016/j.schres.2022.05.023. Epub 2022 Jun 2.,2022 Jun,"BACKGROUND: For people with apsychoticdisorder lack of insight can be detrimental on their condition and recovery. ...Within each database the followingsearchterms and the associated Boolean operatives were used: ""Insight AND (treatment ORtherapy) AND ( …"
N/A,Effectivity of (Personalized)CognitiveBehavioralTherapyfor Insomnia in Mental Health Populations and the Elderly: An Overview.,doi: 10.3390/jpm12071070.,2022 Jun 29,"The first choice of intervention iscognitivebehavioraltherapyfor insomnia (CBT-I) as it is rather effective, also in the long run without side effects. ...Based on a literaturesearchusing majorsearchengines (Embase; Medline; APA P …"
N/A,The enduring gap in educational attainment inschizophreniaaccording to the past 50 years of published research: a systematic review and meta-analysis.,doi: 10.1016/S2215-0366(22)00121-3.,2022 Jul,We excluded studies that included only patients with otherschizophreniaspectrumdisordersand studies that did not specify the number of years of education of the participants. 22 reviewers participated in retrieving data from asearchin PubMed and PsycINF …
N/A,Cognitivebehaviouraltherapy(group) forschizophrenia.,doi: 10.1002/14651858.CD009608.pub2.,2022 Jul 12,CBTmodels targeting symptoms ofpsychosis(CBTp) have been developed for many mental health conditions includingschizophrenia. CBTp has been suggested as a useful add-ontherapyto medication for people withschizophrenia. WhileCBTfor…
N/A,"Sleep, insomnia and mental health.",doi: 10.1111/jsr.13628. Epub 2022 May 4.,2022 Aug,"The focus of the present work was on mood, anxiety, andpsychoticdisorders, which represent important challenges in clinical practice. Literaturesearcheswere conducted on clinical, neurobiological, and therapeutic implications for insomnia comorbid with th …"
N/A,A systematic review of relational-based therapies for the treatment of auditory hallucinations in patients withpsychoticdisorders.,doi: 10.1017/S003329172200143X. Epub 2022 Jul 20.,2022 Aug,"BACKGROUND: Auditory hallucinations in patients withpsychoticdisordersmay be very distressing. Unfortunately, a large proportion of individuals are resistant to pharmacological interventions and the gold-standardcognitive-behavioraltherapy…"
N/A,CE: Original Research:CognitiveBehavioralTherapyfor Symptom Management in Treatment-ResistantSchizophrenia.,doi: 10.1097/01.NAJ.0000854488.48801.59.,2022 Aug 1,"Additional treatment approaches, which includecognitivebehavioraltherapy(CBT), are often necessary. PURPOSE: The aim of this integrative review was to assess the efficacy ofCBTas an adjunctive treatment for TRS in various study populations …"
N/A,The Safety and Efficacy of Psychosocial Adherence Interventions in Young People with EarlyPsychosis: A Systematic Review.,doi: 10.3390/healthcare10091732.,2022 Sep 9,Our systematic review aimed to evaluate the safety and effectiveness of psychosocial interventions to enhance antipsychotic medication adherence in young people with earlypsychosis. METHODS: We reviewed studies using any experimental design of psychosocial interventions s …
N/A,"Neurobiological,behavioral, andcognitiveeffects of ketamine in adolescents: A review of human and pre-clinical research.",doi: 10.1016/j.bbr.2022.114049. Epub 2022 Aug 8.,2022 Oct 28,"In this review we summarize the current literature on the neurobiological andbehavioraleffects of adolescent ketamine exposure in preclinical animal models and humans. Asearchof PubMed was conducted using pre-defined criteria, resulting in the evaluation of 406 …"
N/A,Can we predict who will benefit fromcognitive-behaviouraltherapy? A systematic review and meta-analysis of machine learning studies.,doi: 10.1016/j.cpr.2022.102193. Epub 2022 Aug 6.,2022 Nov,Cognitive-behaviouraltherapy(CBT) is the first line of treatment for several mental healthdisorders. ...A comprehensive literaturesearchwas conducted to identify all studies that used machine learning to predict clinical response toCBT…
N/A,"The alpha(2C)-adrenoceptor antagonist JP-1302 controlsbehavioralparameters, tyrosine hydroxylase activity and receptor expression in a rat model of ketamine-inducedschizophrenia-like deficits.",doi: 10.1016/j.pbb.2022.173490. Epub 2022 Nov 12.,2022 Nov,"On the last two days of ketamine administration, rats were pretreated with either JP-1302 (1-3-10 mumol/kg, i.p.), chlorpromazine (0.1 mg/kg, i.p.), or saline, and thebehavioraltests were performed. Behaviors related to positive (locomotor activity), negative (social int …"
N/A,Meditation-inducedpsychosis: a narrative review and individual patient data analysis.,doi: 10.1017/ipm.2019.47. Epub 2019 Oct 31.,2022 Dec,"BACKGROUND: Meditation is associated with health benefits; however, there are reports that it may trigger or exacerbatepsychoticstates. In this review, we aim to collate case reports ofpsychoticdisordersoccurring in association with meditative practice a …"
N/A,Current Trends in the Animal Models for Screening of Nootropic Agents: A Systematic Review.,doi: 10.2174/2772432817666220425121323.,2023,"Disease models of vascular dementia or stroke, depression or anxiety,schizophrenia, epilepsy or seizure, diabetes and traumatic brain injury, among others, have also been used. There exists a wide variety ofbehavioraltests to assess cognition. CONCLUSION: Since a …"
N/A,CognitiveEffects of Lurasidone and Cariprazine: A Mini Systematic Review.,doi: 10.2174/1570159X21666230727140843.,2023,"Cognitivedeficits are associated withschizophreniaand show a progressive worsening, often being unresponsive to treatment. ...Head-to-head studies comparing lurasidone and cariprazine are needed to establish the ""first-choice"" treatment forcognitivedysfu…"
N/A,A systematic review of gender-responsive and integrated substance use disorder treatment programs for women with co-occurringdisorders.,doi: 10.1080/00952990.2022.2130348. Epub 2022 Oct 25.,2023 Jan 2,"Included articles were randomized-controlled trials, secondary analyses of naturalistic studies, or open-label studies of integrated and gender-responsive treatments from any year that assessed both substance use and mental health/trauma outcomes.Results: We identified N = 24 stu …"
N/A,"Novel Multimodal Salicylamide Derivative with Antidepressant-like, Anxiolytic-like, Antipsychotic-like, and Anti-Amnesic Activity in Mice.",doi: 10.3390/ph16020175.,2023 Jan 24,"Depression, anxiety, andschizophreniamay coexist in psychiatric patients. Moreover, thesedisordersare very often associated withcognitiveimpairments. ...JJGW07 demonstrated positive effects on long-term emotional memory and also ameliorated MK-801-induc …"
N/A,CBTp for people with treatment refractoryschizophreniaon clozapine: a systematic review and meta-analysis.,doi: 10.1080/09638237.2020.1836558. Epub 2020 Oct 19.,2023 Feb,"BACKGROUND:Cognitivebehaviouraltherapyforpsychosis(CBTp), an effective treatment for people withschizophrenia, may have a role in clozapine refractoryschizophrenia. ...Secondary outcomes showed thatCBTimproved positive symptoms …"
N/A,Efficacy of remotely-deliveredcognitivebehaviouraltherapyfor obsessive-compulsive disorder: An updated meta-analysis of randomised controlled trials.,doi: 10.1016/j.jad.2022.11.007. Epub 2022 Nov 14.,2023 Feb 1,"INTRODUCTION: Despite remotely-deliveredcognitivebehaviouraltherapy(CBT) being an emerging field, the evidence of its efficacy in obsessive-compulsive disorder (OCD) is limited. We aimed to estimate the efficacy of remotely-deliveredCBTfor OCD, c …"
N/A,Factors Impacting Access and Engagement ofCognitiveRemediationTherapyfor People withSchizophrenia: A Systematic Review.,doi: 10.1177/07067437221129073. Epub 2022 Nov 29.,2023 Mar,"OBJECTIVES: Neurocognitive deficits are central inschizophrenia.Cognitiveremediation has proven effective in alleviating these deficits, with medium effect sizes. ...METHODS: We systematicallysearchedthe PubMed, Web of Science, and PsycINFO databases for …"
N/A,CBT-informed psychological interventions for adult patients with anxiety and depression symptoms: A narrative review of digital treatment options.,doi: 10.1016/j.jad.2023.01.057. Epub 2023 Jan 20.,2023 Mar 15,This review illustrates potentials and limitations of interventions that specifically leveraged unique features of digital technology and were grounded in the principles ofCognitiveBehavioralTherapy(CBT). METHODS: This systematic review followed th …
N/A,Social and occupational recovery in earlypsychosis: a systematic review and meta-analysis of psychosocial interventions.,doi: 10.1017/S003329172100341X. Epub 2021 Sep 3.,2023 Apr,"METHODS: An electronicsearchwas conducted using PubMed and PsycINFO to identify original articles reporting on trials of psychosocial interventions in early-stagepsychosis, published up to December 2020 and is reported following PRISMA guidelines. ...RESULTS: In …"
N/A,Scoping Review of Cannabis-Reduction Psychosocial Interventions and Reasons for Use among Young Adults withPsychosis.,doi: 10.1080/15504263.2023.2226024. Epub 2023 Jun 30.,2023 Apr-Sep,"Methods: A systematic literaturesearchwas conducted in December, 2022. Reviews of titles and abstracts (N = 3,216) and full-texts (n = 136) resulted in 46 articles. ...Interventions with at least minimal evidence of efficacy include motivational interviewing,cognitiv…"
N/A,Evidence for the Effectiveness of Psychological Interventions for Internalized Stigma among Adults withSchizophreniaSpectrumDisorders: A Systematic Review and Meta-Analyses.,doi: 10.3390/ijerph20085570.,2023 Apr 18,"In recent years, psychological interventions have been used to alleviate internalized stigma in people withschizophreniaspectrumdisorders, but outcomes have been inconsistent. ...Four electronic databases (EMBASE, MEDLINE, PsycINFO, and the Cochrane Central Regis …"
N/A,"What is the Association Between Clinically Diagnosed Psychiatric Illness and Total Joint Arthroplasty? A Systematic Review Evaluating Outcomes, Healthcare Use, and Patient-reported Outcome Measures.",doi: 10.1097/CORR.0000000000002481. Epub 2022 Nov 18.,2023 May 1,"Mental health diagnoses included depression, anxiety, bipolar disorder,schizophrenia, major personality disorder, andpsychosisas well as concomitant mentaldisorders. ...Future studies are needed to compare patients with concomitant psychiatric illnesses s …"
N/A,Electroconvulsivetherapyin individuals with dementia/major NCD presenting withbehavioralsymptoms: a systematic review.,doi: 10.1017/S104161022300039X. Online ahead of print.,2023 May 12:1-16,OBJECTIVE: This study aims to systematically review the literature on using electroconvulsivetherapy(ECT) in patients with dementia/major NCD (Neurocognitivedisorder) presenting withbehavioralsymptoms. DESIGN: We conducted a PRISMA-guided systematic rev …
N/A,An Umbrella Systematic Review of Seasonality in MoodDisordersand Suicide Risk: The Impact on Demand for PrimaryBehavioralHealth Care and Acute Psychiatric Services.,doi: 10.4088/PCC.22r03395.,2023 May 25,"Study Selection and Data Extraction: A systematic literaturesearchof PubMed, CINAHL, and PsycINFO databases using thesearchterms ""Systematic review"" AND ""season*"" AND mood OR depression OR bipolar ORpsychosisOR suicid* OR psychiatr* initially yielded 20 …"
N/A,Effects of psychological treatments on functioning in people withSchizophrenia: a systematic review and meta-analysis of randomized controlled trials.,doi: 10.1007/s00406-022-01526-1. Epub 2022 Dec 8.,2023 Jun,"Psychological interventions analyzed together (SMD = - 0.37, 95% CI - 0.49 to - 0.25),cognitivebehavioraltherapy(30 RCTs, SMD = - 0.26, 95% CI - 0.39 to - 0.12), and third wavecognitive-behavioraltherapies (15 RCTs, SMD = - 0.60, 95% CI - …"
N/A,A meta-analysis ofcognitiveinterventions for patients with recent onsetpsychosis: are they effective for improving functioning?,doi: 10.1017/S0033291723001198. Epub 2023 May 10.,2023 Jun,The increasing popularity ofcognitiveinterventions for patients withpsychosiscalls for further exploration on how these interventions may benefit functional outcomes. ...Our results indicate thatcognitiveinterventions as standalone interventions do not …
N/A,Is befriending a valuable intervention inschizophrenia? A scoping review.,doi: 10.3389/fpsyt.2023.1189772. eCollection 2023.,2023 Jun 2,"BACKGROUND:Schizophreniais a severe, chronic mental disorder that involves disruptions incognitiveprocesses, emotional responsiveness, and social interactions. ...The keywords ""schizophrenia,"" AND ""befriending,"" weresearchedfor on all databases. …"
N/A,Integrated therapist and onlineCBTfor depression in primary care (INTERACT): study protocol for a multi-centre randomised controlled trial.,doi: 10.1186/s13063-023-07396-9.,2023 Jun 20,BACKGROUND:Cognitivebehaviouraltherapy(CBT) is an effective treatment for depression. ...EXCLUSION CRITERIA: alcohol or substance dependency in the past year; bipolar disorder;schizophrenia;psychosis; dementia; currently under psychiatric …
N/A,Recovery-oriented nursing service for people withschizophreniain the community: An integrative review.,doi: 10.33546/bnj.2632. eCollection 2023.,2023 Jun 26,"DATA SOURCES: Multiple databases, such as ScienceDirect and Scopus, as well as online libraries and journals/publishers, including Sage journals, APA PsyNet, SpringerLink, PsychiatryOnline, Taylor & Francis Online, and Wiley Online Library, weresearched. Thesearch…"
N/A,Psychosocial and behavioural interventions for the negative symptoms ofschizophrenia: a systematic review of efficacy meta-analyses.,doi: 10.1192/bjp.2023.21.,2023 Jul,AIM: To review and evaluate the evidence from meta-analytic studies of psychosocial and behavioural interventions for the negative symptoms ofschizophrenia. METHOD: A systematic literaturesearchwas undertaken to identify all meta-analyses evaluating psychosocial …
N/A,"The potential effect of metformin oncognitiveand other symptom dimensions in patients withschizophreniaand antipsychotic-induced weight gain: a systematic review, meta-analysis, and meta-regression.",doi: 10.3389/fpsyt.2023.1215807. eCollection 2023.,2023 Jul 12,INTRODUCTION: Metformin has shown good efficacy in the management of antipsychotic-induced metabolic syndrome (MetS) in patients withschizophreniaor schizoaffectivedisorders. Its ability to induce antidepressant behavioural effects and improvecognitivefu …
N/A,Cognitivebehaviouraltherapyplus standard care versus standard care for persistent aggressive behaviour or agitation in people withschizophrenia.,doi: 10.1002/14651858.CD013511.pub2.,2023 Jul 25,"A psychological intervention,cognitivebehaviouraltherapy(CBT), aims to challenge dysfunctional thoughts and has been used since the mid-1970s to improve mental health and emotionaldisorders. ...OBJECTIVES: To assess the efficacy and safety of ( …"
N/A,A systematic review of digital interventions for smoking cessation in patients with serious mental illness.,doi: 10.1017/S003329172300123X. Epub 2023 May 10.,2023 Aug,"PubMed/MEDLINE, EMBASE, CINAHL, Web of Science, PsychINFO and the Cochrane Tobacco Addiction Group Specialized Register weresearched. Studies matching inclusion criteria were included and their information systematically extracted by independent investigators. ..."
N/A,Efficacy of immersive extended reality (XR) interventions on different symptom domains ofschizophreniaspectrumdisorders. A systematic review.,doi: 10.3389/fpsyt.2023.1208287. eCollection 2023.,2023 Aug 4,"Included studies were heterogenous in nature, including AVATARtherapy(3) andCBT-based (5) VR interventions, as well ascognitive(2), social (1), and relaxation (1) training through VR. ...Our review also shows that there are currently no studies examining …"
N/A,The application ofcognitivebehavioraltherapyin patients withschizophrenia: A review.,doi: 10.1097/MD.0000000000034827.,2023 Aug 11,The aim of this review is to explore the clinical nursing application ofcognitivebehavioraltherapy(CBT) in patients withschizophrenia. ...This article comprehensively summarizes the theoretical basis ofCBTin improvingschizophre…
N/A,At the Crossroads between EatingDisordersand Body DysmorphicDisorders-The Case of Bigorexia Nervosa.,doi: 10.3390/brainsci13091234.,2023 Aug 24,"Patients with BN should also be screened for physical and psychiatric comorbidities and complications, such as anabolic steroid use disorder, physical exercise addiction, and depressive or anxietydisorders. The main differential diagnoses for BN areschizophrenias …"
N/A,The pharmacological management of thebehavioralaspects of Parkinson's disease: an update.,doi: 10.1080/14656566.2023.2240228. Epub 2023 Jul 26.,2023 Sep-Dec,"INTRODUCTION: Behavioural symptoms are common manifestations of Parkinson's disease and include depression, anxiety, impulse controldisorders, hallucinations,psychosis, andcognitivedysfunction. They remain inadequately addressed in many patients despite t …"
N/A,"Lurasidone for the Treatment ofSchizophrenia: Design, Development, and Place inTherapy.",doi: 10.2147/DDDT.S366769. eCollection 2023.,2023 Sep 28,"Literaturesearchusing PubMed was performed to find published studies of randomized controlled trials and recent meta-analyses regarding efficacy and safety, particularly metabolic side effects of lurasidone inschizophrenia. ...Long-term trials revealed that luras …"
N/A,Efficacy of technology-based interventions inpsychosis: a systematic review and network meta-analysis.,doi: 10.1017/S0033291722003610. Epub 2022 Dec 6.,2023 Oct,BACKGROUND: Technology-based interventions (TBIs) are a useful approach when attempting to providetherapyto more patients withpsychosis. METHODS: Randomized controlled trials of outcomes of TBIs v. face-to-face interventions inpsychosiswere identified in …
N/A,Effectiveness of onlinecognitivebehaviouraltherapyon quality of life in adults with depression: A systematic review.,doi: 10.1111/jpm.12924. Epub 2023 Apr 3.,2023 Oct,WHAT IS KNOWN ON THE SUBJECT: Depression is a leading cause of disability worldwide that negatively impacts quality of life. Talktherapysuch ascognitivebehaviouraltherapyis an effective treatment for depression. ...ABSTRACT: INTRODUCTION: Major depressi …
N/A,Physical activity and exercise for the prevention and management of mildcognitiveimpairment and dementia: a collaborative international guideline.,doi: 10.1007/s41999-023-00858-y. Epub 2023 Sep 28.,2023 Oct,"BACKGROUND: Physical activity and exercise have been suggested as effective interventions for the prevention and management of mildcognitiveimpairment (MCI) and dementia, but there are no international guidelines. ...METHODS: Guideline content was developed with input fr …"
N/A,"Synthesis, computational and experimental pharmacological studies for (thio)ether-triazine 5-HT(6)R ligands with noticeable action on AChE/BChE and chalcogen-dependent intrinsic activity insearchfor new class of drugs against Alzheimer's disease.",doi: 10.1016/j.ejmech.2023.115695. Epub 2023 Jul 30.,2023 Nov 5,"Serotonin 5-HT(6) receptors appear to be a particularly attractive target from a therapeutic perspective, due to their involvement not only incognitiveprocesses, but also in depression andpsychosis. In this work, we present the synthesis and broad biological char …"
N/A,Analysis of the effectiveness ofcognitiverehabilitation for patients with chronic mental illness: A meta-analysis.,doi: 10.12998/wjcc.v11.i32.7822.,2023 Nov 16,"AIM: To confirm the effectiveness ofcognitiverehabilitationtherapyin improvingcognitivefunction and alleviatingbehavioraland psychological symptoms in patients with chronic mental illness, and to identify thecognitivefunction that had …"
N/A,Treatment effects of adjunct group musictherapyin inpatients with chronicschizophrenia: a systematic review.,doi: 10.3389/fpsyt.2023.1215578. eCollection 2023.,2023 Dec 19,"INTRODUCTION: Pharmacological treatment may be effective for treating positive symptoms ofschizophrenia; no evidence of clinically significant effects on negative andcognitivesymptoms, social andbehavioralfunctioning. ...METHODS: A systematic reviews…"
N/A,Which psychological interventions improve quality of life in patients withschizophrenia-spectrumdisorders? A meta-analysis of randomized controlled trials.,doi: 10.1017/S0033291723003070. Epub 2023 Oct 20.,2024 Jan,"Quality of life (QoL) is a major patient reported outcome used to measure the psychological treatments success in people withschizophrenia-spectrumdisorders. To date, the specific impact of different interventions on QoL remains undefined. ...By means of subgroup …"
N/A,Cognitivebehaviouraltherapyfor the treatment ofschizophreniaspectrumdisorders: an umbrella review of meta-analyses of randomised controlled trials.,doi: 10.1016/j.eclinm.2023.102392. eCollection 2024 Jan.,2024 Jan 5,BACKGROUND:Cognitivebehaviouraltherapy(CBT) forms the standard psychotherapy forschizophreniaspectrumdisorders(SSD). We aimed to summarize and evaluate the evidence on the effectiveness ofCBTfor SSD. METHODS: In this umbrella re …
N/A,Mindfulness-based interventions for patients withschizophreniaspectrumdisorders: A systematic review of the literature.,doi: 10.1016/j.schres.2023.12.011. Epub 2023 Dec 28.,2024 Feb,"BACKGROUND: Mindfulness-based interventions (MBIs) have emerged as secular practices, including elements of mindfulness-based stress reduction (MBSR) and mindfulness-basedcognitivetherapy(MBCT). While MBIs have been widely adopted for physical and mental illness, …"
N/A,Effects of mind-body therapies onschizophrenia: A systematic review and network meta-analysis.,doi: 10.1016/j.schres.2023.12.030. Epub 2024 Jan 6.,2024 Feb,"OBJECTIVE: The objective of this meta-analysis is to evaluate and compare the effectiveness of different mind-body therapies in reducing the symptoms ofschizophrenia. METHODS: A systematicsearchwas performed using databases such as PubMed, Embase, Cochrane Librar …"
N/A,Cognitivebehaviouraltherapywithout medication forschizophrenia.,doi: 10.1002/14651858.CD015332.pub2.,2024 Feb 7,BACKGROUND:Cognitivebehaviouraltherapy(CBT) can be effective in people withschizophreniawhen provided in combination with antipsychotic medication. It remains unclear whetherCBTcould be safely and effectively offered in the absence of co …
N/A,"Mindfulness forpsychosis: Current evidence, unanswered questions and future directions.",doi: 10.1111/papt.12480. Epub 2023 Jun 30.,2024 Mar,"In this paper, a brief overview of mindfulness forpsychosisis provided followed by a summary of the findings from a systematicsearchof meta-analyses dated up to February 2023. ...RESULTS: Ten meta-analyses published between 2013 and 2023 were identified. Reporte …"
N/A,Cognitivebehaviouraltherapyadded to standard care for first-episode and recent-onsetpsychosis.,doi: 10.1002/14651858.CD015331.pub2.,2024 Mar 12,BACKGROUND:Cognitivebehaviouraltherapy(CBT) can be effective in the general population of people withschizophrenia. ...OBJECTIVES: To assess the effects of addingcognitivebehaviouraltherapyto standard care for people with a first …
N/A,Mental health interventions for individuals with serious mental illness in the criminal legal system: a systematic review.,doi: 10.1186/s12888-024-05612-7.,2024 Mar 12,"METHODS: A systematic review was conducted to summarize the mental health treatment literature for individuals with serious mental illness with criminal legal involvement (i.e., bipolar disorder,schizophrenia, major depressive disorder).Searcheswere conducted usi …"
N/A,Pseudodementia in Patients with Unipolar and BipolarDisorders: A Case Series and Literature Review.,doi: 10.3390/jcm13061763.,2024 Mar 19,"However, pseudodementia has also been observed in the context of manic and mixed states. Psychomotor andpsychoticsymptoms were commonly associated. The most typicalcognitiveimpairments were disorientation, inattention, and short-term memory deficits. ...Cogni…"
N/A,Effectiveness of mindfulness-based intervention inschizophrenia: A meta-analysis of randomized controlled trials.,doi: 10.1016/j.psychres.2024.115808. Epub 2024 Feb 21.,2024 Apr,"However, existing research and meta-analyses of the efficacy of MBI inschizophreniaremain limited. This study aimed to evaluate the efficacy of MBI as an adjunctivetherapyforschizophrenia. ...These findings suggest that MBI holds promise for improving th …"
N/A,"Systematic Review and Meta-analysis of Exercise Interventions forPsychoticDisorders: The Impact of Exercise Intensity, Mindfulness Components, and Other Moderators on Symptoms, Functioning, and Cardiometabolic Health.",doi: 10.1093/schbul/sbae015.,2024 Apr 30,"BACKGROUND AND HYPOTHESIS: Exercisetherapyhas been shown to be an effective complementary treatment for patients withpsychoticdisorders. ...This article aims to quantitatively review the moderating influence of different exercise modalities, hypothesizing …"
N/A,The Effectiveness of Interventions for Improving Chronic Pain Symptoms Among People With Mental Illness: A Systematic Review.,doi: 10.1016/j.jpain.2023.11.004. Epub 2023 Nov 10.,2024 May,"Pain-related and mental health outcomes were reported as primary and secondary outcomes, respectively. 26 RCTs (2,311 participants) were included. Four trials evaluated the effectiveness ofcognitive-behaviouraltherapy, 6 mindfulness-based interventions, 1 interper …"
N/A,Do metacognitive therapies forschizophrenia-spectrumdisorderswork? A meta-analytic investigation.,doi: 10.1017/S0033291724000564. Epub 2024 Mar 21.,2024 Jun,"Recent reviews and meta-analyses of metacognitivetherapyforschizophrenia-spectrum disorder (SSD) have included uncontrolled studies, single-session interventions, and/or analyses limited to a single form of metacognitivetherapy. ...Electronic databases we …"
N/A,Mobile apps to reduce depressive symptoms and alcohol use in youth: A systematic review and meta-analysis: A systematic review.,doi: 10.1002/cl2.1398. eCollection 2024 Jun.,2024 Apr 26,"Among the 36 included trials, we assessed two with an overall low risk of bias, 8 trials with some concern regarding risk of bias, and 26 trials with a high risk of bias. Interventions varied in the type oftherapyor supports offered. The most common intervention designs …"
N/A,Non-invasive brain stimulation for treatment-resistantschizophrenia: protocol of a systematic review and network meta-analysis.,doi: 10.1186/s13643-024-02585-2.,2024 Jun 24,"BACKGROUND: Non-invasive brain stimulation (NIBS) is a promising intervention for treatment-resistantschizophrenia. However, there are multiple available techniques and a comprehensive synthesis of evidence is lacking. ...We willsearchfor eligible studies in prev …"
N/A,Digitally Enhanced Psychological Assessment and Treatment of Paranoia: A Systematic Review.,doi: 10.1002/cpp.3019.,2024 Jul-Aug,"Assessments involved monitoring paranoia under various virtual conditions or in everyday life. Treatments were generally integrated withCognitiveBehaviourTherapy(CBT), which involved using VR to test out threat beliefs and drop safety behaviours or using …"
N/A,A systematic review and meta-ethnography of client and therapist perspectives of the therapeutic alliance in the context of psychotherapy and suicidal experiences.,doi: 10.1016/j.cpr.2024.102469. Online ahead of print.,2024 Jul 29,"MEDLINE, PsycINFO, Web of Science, Embase and CINAHL were systematicallysearchedfrom database inception to April 2024. Eligible studies were peer-reviewed, qualitative, and included client and/or therapist's perspectives of the therapeutic alliance in the context of psyc …"
N/A,Short and Long-term Effects ofCognitiveBehavioralTherapyon Sleep Problems andPsychoticSymptoms in Patients withPsychoticDisorders: A Meta-Analysis Study.,doi: 10.47626/1516-4446-2024-3623. Online ahead of print.,2024 Aug 5,"Cognitivebehavioraltherapyfor insomnia (CBT-I) is an option for the treatment of individuals with insomnia. In recent years, there has been an increasing interest in its use in patients withpsychoticdisorders. This meta-analysis aims…"
N/A,Adjunctive clozapine with bright light mitigatescognitivedeficits by synaptic plasticity and neurogenesis in sub-chronic MK-801 treated mice.,doi: 10.1016/j.pbb.2024.173821. Epub 2024 Jul 11.,2024 Oct,This study investigated the effects of CLZ and LT oncognitiveimpairments in a sub-chronic MK-801 inducedschizophreniamouse model. Results showed that both CLZ and CLZ + LT treatment elevatecognitiveperformance of sub-chronic MK-801 treated mice in seria …
